Entity,Code_x,Year,Cantril ladder score,Code_y,alcohol_consumption
Afghanistan,AFG,2011,4.258,AFG,0.008
Afghanistan,AFG,2012,4.04,AFG,0.004
Afghanistan,AFG,2014,3.575,AFG,0.004
Afghanistan,AFG,2015,3.36,AFG,0.009
Afghanistan,AFG,2016,3.794,AFG,0.013
Afghanistan,AFG,2017,3.632,AFG,0.017
Afghanistan,AFG,2018,3.203,AFG,0.016
Afghanistan,AFG,2019,2.5669,AFG,0.016
Afghanistan,AFG,2020,2.523,AFG,0.011
Albania,ALB,2011,5.134,ALB,5.58
Albania,ALB,2012,5.55,ALB,5.37
Albania,ALB,2014,4.959,ALB,5.0
Albania,ALB,2015,4.655,ALB,5.04
Albania,ALB,2016,4.644,ALB,5.13
Albania,ALB,2017,4.586,ALB,5.13
Albania,ALB,2018,4.719,ALB,5.11
Albania,ALB,2019,4.8827,ALB,5.11
Albania,ALB,2020,5.117,ALB,4.47
Algeria,DZA,2011,5.368,DZA,0.44
Algeria,DZA,2012,5.422,DZA,0.48
Algeria,DZA,2014,5.605,DZA,0.56
Algeria,DZA,2015,6.355,DZA,0.58
Algeria,DZA,2016,5.872,DZA,0.6
Algeria,DZA,2017,5.295,DZA,0.61
Algeria,DZA,2018,5.211,DZA,0.61
Algeria,DZA,2019,5.0051,DZA,0.61
Algeria,DZA,2020,4.887,DZA,0.54
Angola,AGO,2011,4.178,AGO,8.59
Angola,AGO,2012,5.589,AGO,8.61
Angola,AGO,2014,4.033,AGO,8.32
Angola,AGO,2015,3.866,AGO,7.76
Angola,AGO,2016,3.795,AGO,7.01
Angola,AGO,2017,3.795,AGO,6.67
Argentina,ARG,2011,6.242,ARG,8.11
Argentina,ARG,2012,6.562,ARG,8.4
Argentina,ARG,2014,6.574,ARG,8.63
Argentina,ARG,2015,6.65,ARG,8.57
Argentina,ARG,2016,6.599,ARG,8.6
Argentina,ARG,2017,6.388,ARG,8.34
Argentina,ARG,2018,6.086,ARG,8.04
Argentina,ARG,2019,5.9747,ARG,8.04
Argentina,ARG,2020,5.929,ARG,8.05
Armenia,ARM,2011,4.474,ARM,5.03
Armenia,ARM,2012,4.316,ARM,4.91
Armenia,ARM,2014,4.35,ARM,4.99
Armenia,ARM,2015,4.36,ARM,4.98
Armenia,ARM,2016,4.376,ARM,4.88
Armenia,ARM,2017,4.321,ARM,4.85
Armenia,ARM,2018,4.559,ARM,4.98
Armenia,ARM,2019,4.6768,ARM,4.98
Armenia,ARM,2020,5.283,ARM,4.28
Australia,AUS,2011,7.345,AUS,10.9
Australia,AUS,2012,7.35,AUS,10.72
Australia,AUS,2014,7.284,AUS,10.46
Australia,AUS,2015,7.313,AUS,10.39
Australia,AUS,2016,7.284,AUS,10.25
Australia,AUS,2017,7.272,AUS,10.19
Australia,AUS,2018,7.228,AUS,10.09
Australia,AUS,2019,7.2228,AUS,10.09
Australia,AUS,2020,7.183,AUS,10.29
Austria,AUT,2011,7.227,AUT,12.35
Austria,AUT,2012,7.369,AUT,12.34
Austria,AUT,2014,7.2,AUT,12.33
Austria,AUT,2015,7.119,AUT,12.19
Austria,AUT,2016,7.006,AUT,11.93
Austria,AUT,2017,7.139,AUT,11.92
Austria,AUT,2018,7.246,AUT,11.97
Austria,AUT,2019,7.2942,AUT,11.97
Austria,AUT,2020,7.268,AUT,11.51
Azerbaijan,AZE,2011,4.582,AZE,1.78
Azerbaijan,AZE,2012,4.604,AZE,1.51
Azerbaijan,AZE,2014,5.212,AZE,1.4
Azerbaijan,AZE,2015,5.291,AZE,1.44
Azerbaijan,AZE,2016,5.234,AZE,1.46
Azerbaijan,AZE,2017,5.201,AZE,1.59
Azerbaijan,AZE,2018,5.208,AZE,1.97
Azerbaijan,AZE,2019,5.1648,AZE,1.97
Azerbaijan,AZE,2020,5.171,AZE,2.49
Bahrain,BHR,2011,5.568,BHR,2.27
Bahrain,BHR,2012,5.312,BHR,2.14
Bahrain,BHR,2014,5.96,BHR,2.0
Bahrain,BHR,2015,6.218,BHR,1.89
Bahrain,BHR,2016,6.087,BHR,1.77
Bahrain,BHR,2017,6.105,BHR,1.65
Bahrain,BHR,2018,6.199,BHR,1.58
Bahrain,BHR,2019,6.2273,BHR,1.58
Bahrain,BHR,2020,6.647,BHR,1.25
Bangladesh,BGD,2011,4.807,BGD,0.004
Bangladesh,BGD,2012,4.804,BGD,0.005
Bangladesh,BGD,2014,4.694,BGD,0.005
Bangladesh,BGD,2015,4.643,BGD,0.005
Bangladesh,BGD,2016,4.608,BGD,0.005
Bangladesh,BGD,2017,4.5,BGD,0.005
Bangladesh,BGD,2018,4.456,BGD,0.005
Bangladesh,BGD,2019,4.8328,BGD,0.005
Bangladesh,BGD,2020,5.025,BGD,0.092
Belarus,BLR,2011,5.566,BLR,14.82
Belarus,BLR,2012,5.504,BLR,14.22
Belarus,BLR,2014,5.813,BLR,11.96
Belarus,BLR,2015,5.802,BLR,11.04
Belarus,BLR,2016,5.569,BLR,10.55
Belarus,BLR,2017,5.483,BLR,10.64
Belarus,BLR,2018,5.323,BLR,10.9
Belarus,BLR,2019,5.5399,BLR,10.9
Belarus,BLR,2020,5.534,BLR,11.63
Belgium,BEL,2011,7.113,BEL,11.32
Belgium,BEL,2012,6.967,BEL,11.33
Belgium,BEL,2014,6.937,BEL,11.56
Belgium,BEL,2015,6.929,BEL,11.24
Belgium,BEL,2016,6.891,BEL,10.79
Belgium,BEL,2017,6.927,BEL,10.38
Belgium,BEL,2018,6.923,BEL,10.28
Belgium,BEL,2019,6.8635,BEL,10.28
Belgium,BEL,2020,6.834,BEL,9.43
Belize,BLZ,2011,6.451,BLZ,6.11
Belize,BLZ,2015,5.956,BLZ,6.34
Belize,BLZ,2016,5.956,BLZ,6.15
Belize,BLZ,2017,5.956,BLZ,5.92
Benin,BEN,2011,3.493,BEN,8.65
Benin,BEN,2012,3.528,BEN,8.82
Benin,BEN,2014,3.34,BEN,8.45
Benin,BEN,2015,3.484,BEN,8.1
Benin,BEN,2016,3.657,BEN,7.9
Benin,BEN,2017,4.141,BEN,8.09
Benin,BEN,2018,4.883,BEN,8.35
Benin,BEN,2019,5.216,BEN,8.35
Benin,BEN,2020,5.045,BEN,8.83
Bhutan,BTN,2014,5.253,BTN,0.57
Bhutan,BTN,2015,5.196,BTN,0.32
Bhutan,BTN,2016,5.011,BTN,0.18
Bhutan,BTN,2017,5.082,BTN,0.2
Bhutan,BTN,2018,5.082,BTN,0.2
Bolivia,BOL,2011,5.633,BOL,4.52
Bolivia,BOL,2012,5.857,BOL,4.45
Bolivia,BOL,2014,5.89,BOL,4.35
Bolivia,BOL,2015,5.822,BOL,4.31
Bolivia,BOL,2016,5.823,BOL,4.26
Bolivia,BOL,2017,5.752,BOL,4.19
Bolivia,BOL,2018,5.779,BOL,4.1
Bolivia,BOL,2019,5.7475,BOL,4.1
Bolivia,BOL,2020,5.716,BOL,3.59
Bosnia and Herzegovina,BIH,2011,4.857,BIH,5.78
Bosnia and Herzegovina,BIH,2012,4.813,BIH,5.82
Bosnia and Herzegovina,BIH,2014,4.949,BIH,5.83
Bosnia and Herzegovina,BIH,2015,5.163,BIH,5.95
Bosnia and Herzegovina,BIH,2016,5.182,BIH,6.15
Bosnia and Herzegovina,BIH,2017,5.129,BIH,6.33
Bosnia and Herzegovina,BIH,2018,5.386,BIH,6.38
Bosnia and Herzegovina,BIH,2019,5.6741,BIH,6.38
Bosnia and Herzegovina,BIH,2020,5.813,BIH,5.87
Botswana,BWA,2011,4.581,BWA,7.86
Botswana,BWA,2012,3.97,BWA,7.58
Botswana,BWA,2014,4.332,BWA,7.01
Botswana,BWA,2015,3.974,BWA,7.08
Botswana,BWA,2016,3.766,BWA,7.32
Botswana,BWA,2017,3.59,BWA,7.61
Botswana,BWA,2018,3.488,BWA,8.16
Botswana,BWA,2019,3.4789,BWA,8.16
Botswana,BWA,2020,3.467,BWA,7.27
Brazil,BRA,2011,6.697,BRA,8.69
Brazil,BRA,2012,6.849,BRA,8.57
Brazil,BRA,2014,6.983,BRA,8.34
Brazil,BRA,2015,6.952,BRA,8.2
Brazil,BRA,2016,6.635,BRA,8.0
Brazil,BRA,2017,6.419,BRA,7.79
Brazil,BRA,2018,6.3,BRA,7.67
Brazil,BRA,2019,6.3756,BRA,7.67
Brazil,BRA,2020,6.33,BRA,7.7
Bulgaria,BGR,2011,3.889,BGR,10.87
Bulgaria,BGR,2012,3.981,BGR,11.03
Bulgaria,BGR,2014,4.218,BGR,11.18
Bulgaria,BGR,2015,4.217,BGR,11.44
Bulgaria,BGR,2016,4.714,BGR,11.65
Bulgaria,BGR,2017,4.933,BGR,11.85
Bulgaria,BGR,2018,5.011,BGR,11.92
Bulgaria,BGR,2019,5.1015,BGR,11.92
Bulgaria,BGR,2020,5.266,BGR,11.62
Burkina Faso,BFA,2011,3.926,BFA,8.14
Burkina Faso,BFA,2012,4.259,BFA,8.16
Burkina Faso,BFA,2014,3.587,BFA,9.16
Burkina Faso,BFA,2015,3.739,BFA,9.66
Burkina Faso,BFA,2016,4.032,BFA,9.72
Burkina Faso,BFA,2017,4.424,BFA,9.76
Burkina Faso,BFA,2018,4.587,BFA,9.81
Burkina Faso,BFA,2019,4.7687,BFA,9.81
Burkina Faso,BFA,2020,4.834,BFA,11.27
Burundi,BDI,2011,3.678,BDI,5.24
Burundi,BDI,2012,3.706,BDI,4.66
Burundi,BDI,2014,2.906,BDI,4.34
Burundi,BDI,2015,2.905,BDI,4.19
Burundi,BDI,2016,2.905,BDI,4.19
Burundi,BDI,2017,2.905,BDI,4.15
Burundi,BDI,2018,3.775,BDI,4.13
Burundi,BDI,2019,3.7753,BDI,4.13
Burundi,BDI,2020,3.775,BDI,4.16
Cambodia,KHM,2011,4.101,KHM,5.4
Cambodia,KHM,2012,4.067,KHM,5.77
Cambodia,KHM,2014,3.819,KHM,6.55
Cambodia,KHM,2015,3.907,KHM,7.06
Cambodia,KHM,2016,4.168,KHM,7.61
Cambodia,KHM,2017,4.433,KHM,8.13
Cambodia,KHM,2018,4.7,KHM,8.48
Cambodia,KHM,2019,4.8484,KHM,8.48
Cambodia,KHM,2020,4.83,KHM,6.67
Cameroon,CMR,2011,4.376,CMR,12.78
Cameroon,CMR,2012,4.42,CMR,12.98
Cameroon,CMR,2014,4.252,CMR,11.72
Cameroon,CMR,2015,4.513,CMR,10.72
Cameroon,CMR,2016,4.695,CMR,10.41
Cameroon,CMR,2017,4.975,CMR,10.16
Cameroon,CMR,2018,5.044,CMR,10.1
Cameroon,CMR,2019,5.0849,CMR,10.1
Cameroon,CMR,2020,5.142,CMR,9.6
Canada,CAN,2011,7.499,CAN,10.17
Canada,CAN,2012,7.477,CAN,10.1
Canada,CAN,2014,7.427,CAN,9.95
Canada,CAN,2015,7.404,CAN,9.92
Canada,CAN,2016,7.316,CAN,9.92
Canada,CAN,2017,7.328,CAN,9.95
Canada,CAN,2018,7.278,CAN,9.9
Canada,CAN,2019,7.2321,CAN,9.9
Canada,CAN,2020,7.103,CAN,9.89
Central African Republic,CAF,2011,3.568,CAF,2.54
Central African Republic,CAF,2012,3.623,CAF,2.29
Central African Republic,CAF,2014,3.678,CAF,1.83
Central African Republic,CAF,2016,2.693,CAF,2.01
Central African Republic,CAF,2017,3.083,CAF,2.01
Central African Republic,CAF,2018,3.083,CAF,1.99
Central African Republic,CAF,2019,3.4759,CAF,1.99
Chad,TCD,2011,3.919,TCD,4.05
Chad,TCD,2012,4.056,TCD,4.25
Chad,TCD,2014,3.667,TCD,4.55
Chad,TCD,2015,3.763,TCD,4.58
Chad,TCD,2016,3.936,TCD,4.35
Chad,TCD,2017,4.301,TCD,4.05
Chad,TCD,2018,4.35,TCD,3.73
Chad,TCD,2019,4.4227,TCD,3.73
Chad,TCD,2020,4.355,TCD,2.91
Chile,CHL,2011,6.128,CHL,8.01
Chile,CHL,2012,6.587,CHL,7.9
Chile,CHL,2014,6.67,CHL,8.04
Chile,CHL,2015,6.705,CHL,7.75
Chile,CHL,2016,6.652,CHL,7.02
Chile,CHL,2017,6.476,CHL,6.5
Chile,CHL,2018,6.444,CHL,6.75
Chile,CHL,2019,6.2285,CHL,6.75
Chile,CHL,2020,6.172,CHL,7.56
China,CHN,2011,4.68,CHN,6.5
China,CHN,2012,4.978,CHN,6.92
China,CHN,2014,5.14,CHN,7.29
China,CHN,2015,5.245,CHN,7.35
China,CHN,2016,5.273,CHN,7.18
China,CHN,2017,5.246,CHN,6.53
China,CHN,2018,5.191,CHN,5.73
China,CHN,2019,5.1239,CHN,5.73
China,CHN,2020,5.339,CHN,4.58
Colombia,COL,2011,6.202,COL,5.06
Colombia,COL,2012,6.416,COL,5.09
Colombia,COL,2014,6.477,COL,4.98
Colombia,COL,2015,6.481,COL,5.02
Colombia,COL,2016,6.357,COL,5.0
Colombia,COL,2017,6.26,COL,5.01
Colombia,COL,2018,6.125,COL,4.92
Colombia,COL,2019,6.1634,COL,4.92
Colombia,COL,2020,6.012,COL,4.24
Comoros,COM,2011,3.7,COM,0.18
Comoros,COM,2012,3.851,COM,0.21
Comoros,COM,2014,3.956,COM,0.22
Comoros,COM,2015,3.956,COM,0.2
Comoros,COM,2018,3.973,COM,0.25
Comoros,COM,2019,4.2886,COM,0.25
Comoros,COM,2020,4.289,COM,0.23
Congo,COG,2011,3.82,COG,4.96
Congo,COG,2012,4.297,COG,5.1
Congo,COG,2014,3.989,COG,5.24
Congo,COG,2015,4.236,COG,5.67
Congo,COG,2016,4.291,COG,6.12
Congo,COG,2017,4.559,COG,6.5
Congo,COG,2018,4.812,COG,6.4
Congo,COG,2019,5.1944,COG,6.4
Congo,COG,2020,5.342,COG,6.05
Costa Rica,CRI,2011,7.251,CRI,3.68
Costa Rica,CRI,2012,7.257,CRI,3.43
Costa Rica,CRI,2014,7.226,CRI,3.39
Costa Rica,CRI,2015,7.087,CRI,3.5
Costa Rica,CRI,2016,7.079,CRI,3.53
Costa Rica,CRI,2017,7.072,CRI,3.55
Costa Rica,CRI,2018,7.167,CRI,3.45
Costa Rica,CRI,2019,7.1214,CRI,3.45
Costa Rica,CRI,2020,7.069,CRI,3.4
Cote d'Ivoire,CIV,2011,4.197,CIV,2.12
Cote d'Ivoire,CIV,2014,3.655,CIV,2.44
Cote d'Ivoire,CIV,2015,3.916,CIV,2.57
Cote d'Ivoire,CIV,2016,4.18,CIV,2.65
Cote d'Ivoire,CIV,2017,4.671,CIV,2.71
Cote d'Ivoire,CIV,2018,4.944,CIV,2.8
Cote d'Ivoire,CIV,2019,5.2333,CIV,2.8
Cote d'Ivoire,CIV,2020,5.306,CIV,2.85
Croatia,HRV,2011,5.623,HRV,9.42
Croatia,HRV,2012,5.661,HRV,9.32
Croatia,HRV,2014,5.759,HRV,8.69
Croatia,HRV,2015,5.488,HRV,8.59
Croatia,HRV,2016,5.293,HRV,8.65
Croatia,HRV,2017,5.321,HRV,8.63
Croatia,HRV,2018,5.432,HRV,8.54
Croatia,HRV,2019,5.5047,HRV,8.54
Croatia,HRV,2020,5.882,HRV,7.65
Cuba,CUB,2011,5.418,CUB,5.55
Cyprus,CYP,2011,6.416,CYP,9.07
Cyprus,CYP,2012,6.466,CYP,8.52
Cyprus,CYP,2014,5.689,CYP,8.01
Cyprus,CYP,2015,5.546,CYP,8.12
Cyprus,CYP,2016,5.621,CYP,8.09
Cyprus,CYP,2017,5.762,CYP,8.07
Cyprus,CYP,2018,6.046,CYP,8.05
Cyprus,CYP,2019,6.159,CYP,8.05
Cyprus,CYP,2020,6.223,CYP,6.36
Czechia,CZE,2011,6.36,CZE,13.13
Czechia,CZE,2012,6.29,CZE,13.08
Czechia,CZE,2014,6.505,CZE,13.11
Czechia,CZE,2015,6.596,CZE,13.22
Czechia,CZE,2016,6.609,CZE,13.2
Czechia,CZE,2017,6.711,CZE,13.26
Czechia,CZE,2018,6.852,CZE,13.29
Czechia,CZE,2019,6.9109,CZE,13.29
Czechia,CZE,2020,6.965,CZE,11.99
Democratic Republic of Congo,COD,2011,3.984,COD,2.4
Democratic Republic of Congo,COD,2012,4.578,COD,2.55
Democratic Republic of Congo,COD,2014,4.517,COD,2.58
Democratic Republic of Congo,COD,2015,4.272,COD,2.44
Democratic Republic of Congo,COD,2016,4.28,COD,2.28
Democratic Republic of Congo,COD,2017,4.245,COD,2.2
Democratic Republic of Congo,COD,2018,4.418,COD,2.12
Democratic Republic of Congo,COD,2019,4.311,COD,2.12
Denmark,DNK,2011,7.856,DNK,10.11
Denmark,DNK,2012,7.693,DNK,9.83
Denmark,DNK,2014,7.527,DNK,9.6
Denmark,DNK,2015,7.526,DNK,9.61
Denmark,DNK,2016,7.522,DNK,9.52
Denmark,DNK,2017,7.555,DNK,9.5
Denmark,DNK,2018,7.6,DNK,9.4
Denmark,DNK,2019,7.6456,DNK,9.4
Denmark,DNK,2020,7.62,DNK,9.49
Djibouti,DJI,2011,4.957,DJI,0.67
Djibouti,DJI,2012,4.69,DJI,0.66
Djibouti,DJI,2014,4.369,DJI,0.59
Dominican Republic,DOM,2011,5.036,DOM,6.78
Dominican Republic,DOM,2012,4.963,DOM,6.73
Dominican Republic,DOM,2014,4.885,DOM,6.59
Dominican Republic,DOM,2015,5.155,DOM,6.57
Dominican Republic,DOM,2016,5.23,DOM,6.64
Dominican Republic,DOM,2017,5.302,DOM,6.69
Dominican Republic,DOM,2018,5.425,DOM,6.76
Dominican Republic,DOM,2019,5.6892,DOM,6.76
Dominican Republic,DOM,2020,5.545,DOM,6.5
Ecuador,ECU,2011,5.425,ECU,4.19
Ecuador,ECU,2012,5.865,ECU,4.19
Ecuador,ECU,2014,5.975,ECU,4.06
Ecuador,ECU,2015,5.976,ECU,3.85
Ecuador,ECU,2016,6.008,ECU,3.53
Ecuador,ECU,2017,5.973,ECU,3.3
Ecuador,ECU,2018,6.028,ECU,3.26
Ecuador,ECU,2019,5.9252,ECU,3.26
Ecuador,ECU,2020,5.764,ECU,2.54
Egypt,EGY,2011,4.853,EGY,0.2
Egypt,EGY,2012,4.273,EGY,0.19
Egypt,EGY,2014,4.194,EGY,0.19
Egypt,EGY,2015,4.362,EGY,0.18
Egypt,EGY,2016,4.735,EGY,0.16
Egypt,EGY,2017,4.419,EGY,0.15
Egypt,EGY,2018,4.166,EGY,0.15
Egypt,EGY,2019,4.1514,EGY,0.15
Egypt,EGY,2020,4.283,EGY,0.13
El Salvador,SLV,2011,5.956,SLV,2.68
El Salvador,SLV,2012,5.809,SLV,2.69
El Salvador,SLV,2014,6.13,SLV,2.78
El Salvador,SLV,2015,6.068,SLV,2.89
El Salvador,SLV,2016,6.003,SLV,3.01
El Salvador,SLV,2017,6.167,SLV,3.15
El Salvador,SLV,2018,6.253,SLV,3.28
El Salvador,SLV,2019,6.3483,SLV,3.28
El Salvador,SLV,2020,6.061,SLV,3.15
Estonia,EST,2011,5.33,EST,14.73
Estonia,EST,2012,5.426,EST,15.45
Estonia,EST,2014,5.429,EST,15.64
Estonia,EST,2015,5.517,EST,15.06
Estonia,EST,2016,5.611,EST,13.92
Estonia,EST,2017,5.739,EST,12.33
Estonia,EST,2018,5.893,EST,11.26
Estonia,EST,2019,6.0218,EST,11.26
Estonia,EST,2020,6.189,EST,10.68
Eswatini,SWZ,2012,4.867,SWZ,7.61
Eswatini,SWZ,2014,4.867,SWZ,8.03
Eswatini,SWZ,2018,4.212,SWZ,8.09
Eswatini,SWZ,2019,4.3081,SWZ,8.09
Eswatini,SWZ,2020,4.308,SWZ,6.79
Ethiopia,ETH,2011,4.064,ETH,1.81
Ethiopia,ETH,2012,4.561,ETH,1.95
Ethiopia,ETH,2014,4.512,ETH,2.27
Ethiopia,ETH,2015,4.508,ETH,2.52
Ethiopia,ETH,2016,4.46,ETH,2.77
Ethiopia,ETH,2017,4.35,ETH,3.08
Ethiopia,ETH,2018,4.286,ETH,3.36
Ethiopia,ETH,2019,4.1862,ETH,3.36
Ethiopia,ETH,2020,4.275,ETH,3.06
Finland,FIN,2011,7.579,FIN,10.5
Finland,FIN,2012,7.389,FIN,10.28
Finland,FIN,2014,7.406,FIN,9.66
Finland,FIN,2015,7.413,FIN,9.43
Finland,FIN,2016,7.469,FIN,9.3
Finland,FIN,2017,7.632,FIN,9.23
Finland,FIN,2018,7.769,FIN,9.16
Finland,FIN,2019,7.8087,FIN,9.16
Finland,FIN,2020,7.842,FIN,9.08
France,FRA,2011,6.746,FRA,12.11
France,FRA,2012,6.764,FRA,11.93
France,FRA,2014,6.575,FRA,11.73
France,FRA,2015,6.478,FRA,11.73
France,FRA,2016,6.442,FRA,11.6
France,FRA,2017,6.489,FRA,11.4
France,FRA,2018,6.592,FRA,11.3
France,FRA,2019,6.6638,FRA,11.3
France,FRA,2020,6.69,FRA,10.32
Gabon,GAB,2012,4.114,GAB,8.41
Gabon,GAB,2014,3.896,GAB,8.66
Gabon,GAB,2015,4.121,GAB,8.6
Gabon,GAB,2016,4.465,GAB,8.2
Gabon,GAB,2017,4.758,GAB,7.69
Gabon,GAB,2018,4.799,GAB,7.33
Gabon,GAB,2019,4.8293,GAB,7.33
Gabon,GAB,2020,4.852,GAB,8.14
Gambia,GMB,2018,4.516,GMB,1.11
Gambia,GMB,2019,4.7506,GMB,1.11
Gambia,GMB,2020,5.051,GMB,0.61
Georgia,GEO,2011,3.892,GEO,14.99
Georgia,GEO,2012,4.187,GEO,14.67
Georgia,GEO,2014,4.297,GEO,14.02
Georgia,GEO,2015,4.252,GEO,13.95
Georgia,GEO,2016,4.286,GEO,13.97
Georgia,GEO,2017,4.34,GEO,13.97
Georgia,GEO,2018,4.519,GEO,14.33
Georgia,GEO,2019,4.6726,GEO,14.33
Georgia,GEO,2020,4.891,GEO,14.41
Germany,DEU,2011,6.572,DEU,12.39
Germany,DEU,2012,6.672,DEU,12.39
Germany,DEU,2014,6.75,DEU,12.23
Germany,DEU,2015,6.994,DEU,12.15
Germany,DEU,2016,6.951,DEU,12.17
Germany,DEU,2017,6.965,DEU,12.23
Germany,DEU,2018,6.985,DEU,12.22
Germany,DEU,2019,7.0758,DEU,12.22
Germany,DEU,2020,7.155,DEU,11.84
Ghana,GHA,2011,4.705,GHA,5.31
Ghana,GHA,2012,5.091,GHA,5.07
Ghana,GHA,2014,4.633,GHA,5.1
Ghana,GHA,2015,4.276,GHA,5.01
Ghana,GHA,2016,4.12,GHA,4.71
Ghana,GHA,2017,4.657,GHA,4.58
Ghana,GHA,2018,4.996,GHA,4.55
Ghana,GHA,2019,5.148,GHA,4.55
Ghana,GHA,2020,5.088,GHA,4.26
Greece,GRC,2011,6.133,GRC,8.48
Greece,GRC,2012,5.435,GRC,8.24
Greece,GRC,2014,4.857,GRC,7.77
Greece,GRC,2015,5.033,GRC,7.48
Greece,GRC,2016,5.227,GRC,7.34
Greece,GRC,2017,5.358,GRC,7.28
Greece,GRC,2018,5.287,GRC,7.12
Greece,GRC,2019,5.515,GRC,7.12
Greece,GRC,2020,5.723,GRC,5.81
Guatemala,GTM,2011,6.277,GTM,2.0
Guatemala,GTM,2012,5.965,GTM,1.93
Guatemala,GTM,2014,6.123,GTM,1.72
Guatemala,GTM,2015,6.324,GTM,1.65
Guatemala,GTM,2016,6.454,GTM,1.62
Guatemala,GTM,2017,6.382,GTM,1.62
Guatemala,GTM,2018,6.436,GTM,1.63
Guatemala,GTM,2019,6.3989,GTM,1.63
Guatemala,GTM,2020,6.435,GTM,1.54
Guinea,GIN,2011,4.171,GIN,0.34
Guinea,GIN,2012,3.847,GIN,0.36
Guinea,GIN,2014,3.656,GIN,0.45
Guinea,GIN,2015,3.607,GIN,0.5
Guinea,GIN,2016,3.507,GIN,0.49
Guinea,GIN,2017,3.964,GIN,0.47
Guinea,GIN,2018,4.534,GIN,0.47
Guinea,GIN,2019,4.9493,GIN,0.47
Guinea,GIN,2020,4.984,GIN,0.52
Guyana,GUY,2011,5.993,GUY,5.83
Haiti,HTI,2011,3.789,HTI,2.74
Haiti,HTI,2012,4.341,HTI,2.95
Haiti,HTI,2014,4.518,HTI,3.19
Haiti,HTI,2015,4.028,HTI,3.22
Haiti,HTI,2016,3.603,HTI,3.38
Haiti,HTI,2017,3.582,HTI,3.5
Haiti,HTI,2018,3.597,HTI,3.45
Haiti,HTI,2019,3.7208,HTI,3.45
Haiti,HTI,2020,3.615,HTI,3.11
High-income countries,,2011,6.5150175,,9.909922
High-income countries,,2012,6.4826856,,9.845653
High-income countries,,2014,6.4886484,,9.619166
High-income countries,,2015,6.5050097,,9.537572
High-income countries,,2016,6.4956336,,9.471726
High-income countries,,2017,6.4777813,,9.427563
High-income countries,,2018,6.4989576,,9.399242
High-income countries,,2019,6.528994,,9.398891
High-income countries,,2020,6.5416327,,9.186796
Honduras,HND,2011,5.564,HND,3.1
Honduras,HND,2012,5.142,HND,3.1
Honduras,HND,2014,4.788,HND,2.91
Honduras,HND,2015,4.871,HND,2.85
Honduras,HND,2016,5.181,HND,2.94
Honduras,HND,2017,5.504,HND,3.06
Honduras,HND,2018,5.86,HND,3.17
Honduras,HND,2019,5.9532,HND,3.17
Honduras,HND,2020,5.919,HND,3.08
Hungary,HUN,2011,4.943,HUN,10.72
Hungary,HUN,2012,4.775,HUN,10.72
Hungary,HUN,2014,4.8,HUN,10.52
Hungary,HUN,2015,5.145,HUN,10.68
Hungary,HUN,2016,5.324,HUN,10.63
Hungary,HUN,2017,5.62,HUN,10.75
Hungary,HUN,2018,5.758,HUN,10.6
Hungary,HUN,2019,6.0004,HUN,10.6
Hungary,HUN,2020,5.992,HUN,9.93
Iceland,ISL,2011,6.888,ISL,7.34
Iceland,ISL,2012,7.355,ISL,7.33
Iceland,ISL,2014,7.561,ISL,7.64
Iceland,ISL,2015,7.501,ISL,7.85
Iceland,ISL,2016,7.504,ISL,8.07
Iceland,ISL,2017,7.495,ISL,8.08
Iceland,ISL,2018,7.494,ISL,8.07
Iceland,ISL,2019,7.5045,ISL,8.07
Iceland,ISL,2020,7.554,ISL,7.94
India,IND,2011,4.975,IND,4.89
India,IND,2012,4.772,IND,5.02
India,IND,2014,4.565,IND,5.02
India,IND,2015,4.404,IND,4.96
India,IND,2016,4.315,IND,4.87
India,IND,2017,4.19,IND,4.87
India,IND,2018,4.015,IND,4.92
India,IND,2019,3.5733,IND,4.92
India,IND,2020,3.819,IND,4.1
Indonesia,IDN,2011,5.159,IDN,0.11
Indonesia,IDN,2012,5.348,IDN,0.11
Indonesia,IDN,2014,5.399,IDN,0.11
Indonesia,IDN,2015,5.314,IDN,0.11
Indonesia,IDN,2016,5.262,IDN,0.11
Indonesia,IDN,2017,5.093,IDN,0.11
Indonesia,IDN,2018,5.192,IDN,0.11
Indonesia,IDN,2019,5.2856,IDN,0.11
Indonesia,IDN,2020,5.345,IDN,0.074
Iran,IRN,2011,5.149,IRN,1.46
Iran,IRN,2012,4.643,IRN,1.41
Iran,IRN,2014,4.686,IRN,0.42
Iran,IRN,2015,4.813,IRN,0.44
Iran,IRN,2016,4.692,IRN,0.82
Iran,IRN,2017,4.707,IRN,0.97
Iran,IRN,2018,4.548,IRN,0.7
Iran,IRN,2019,4.6724,IRN,0.7
Iran,IRN,2020,4.721,IRN,0.51
Iraq,IRQ,2011,4.882,IRQ,0.25
Iraq,IRQ,2012,4.817,IRQ,0.24
Iraq,IRQ,2014,4.677,IRQ,0.23
Iraq,IRQ,2015,4.575,IRQ,0.23
Iraq,IRQ,2016,4.497,IRQ,0.24
Iraq,IRQ,2017,4.456,IRQ,0.24
Iraq,IRQ,2018,4.437,IRQ,0.24
Iraq,IRQ,2019,4.7848,IRQ,0.24
Iraq,IRQ,2020,4.854,IRQ,0.24
Ireland,IRL,2011,7.284,IRL,12.29
Ireland,IRL,2012,7.076,IRL,11.93
Ireland,IRL,2014,6.94,IRL,11.49
Ireland,IRL,2015,6.907,IRL,11.71
Ireland,IRL,2016,6.977,IRL,11.76
Ireland,IRL,2017,6.977,IRL,11.85
Ireland,IRL,2018,7.021,IRL,11.7
Ireland,IRL,2019,7.0937,IRL,11.7
Ireland,IRL,2020,7.085,IRL,10.77
Israel,ISR,2011,7.199,ISR,3.21
Israel,ISR,2012,7.301,ISR,3.22
Israel,ISR,2014,7.278,ISR,3.03
Israel,ISR,2015,7.267,ISR,2.94
Israel,ISR,2016,7.213,ISR,2.95
Israel,ISR,2017,7.19,ISR,2.97
Israel,ISR,2018,7.139,ISR,3.01
Israel,ISR,2019,7.1286,ISR,3.01
Israel,ISR,2020,7.157,ISR,2.84
Italy,ITA,2011,6.578,ITA,7.57
Italy,ITA,2012,6.021,ITA,7.69
Italy,ITA,2014,5.948,ITA,7.77
Italy,ITA,2015,5.977,ITA,7.68
Italy,ITA,2016,5.964,ITA,7.61
Italy,ITA,2017,6.0,ITA,7.81
Italy,ITA,2018,6.223,ITA,7.97
Italy,ITA,2019,6.3874,ITA,7.97
Italy,ITA,2020,6.483,ITA,6.97
Jamaica,JAM,2011,6.208,JAM,3.13
Jamaica,JAM,2012,5.374,JAM,3.2
Jamaica,JAM,2014,5.709,JAM,3.35
Jamaica,JAM,2015,5.51,JAM,3.39
Jamaica,JAM,2016,5.311,JAM,3.47
Jamaica,JAM,2017,5.89,JAM,3.55
Jamaica,JAM,2018,5.89,JAM,3.6
Jamaica,JAM,2019,5.8898,JAM,3.6
Jamaica,JAM,2020,6.309,JAM,3.1
Japan,JPN,2011,6.059,JPN,6.77
Japan,JPN,2012,6.064,JPN,6.8
Japan,JPN,2014,5.987,JPN,6.76
Japan,JPN,2015,5.921,JPN,6.72
Japan,JPN,2016,5.92,JPN,6.75
Japan,JPN,2017,5.915,JPN,6.72
Japan,JPN,2018,5.886,JPN,6.68
Japan,JPN,2019,5.8708,JPN,6.68
Japan,JPN,2020,5.94,JPN,6.38
Jordan,JOR,2011,5.706,JOR,0.45
Jordan,JOR,2012,5.414,JOR,0.42
Jordan,JOR,2014,5.192,JOR,0.38
Jordan,JOR,2015,5.303,JOR,0.37
Jordan,JOR,2016,5.336,JOR,0.34
Jordan,JOR,2017,5.161,JOR,0.33
Jordan,JOR,2018,4.906,JOR,0.31
Jordan,JOR,2019,4.6334,JOR,0.31
Jordan,JOR,2020,4.395,JOR,0.23
Kazakhstan,KAZ,2011,5.594,KAZ,4.39
Kazakhstan,KAZ,2012,5.671,KAZ,4.32
Kazakhstan,KAZ,2014,5.855,KAZ,4.25
Kazakhstan,KAZ,2015,5.919,KAZ,4.17
Kazakhstan,KAZ,2016,5.819,KAZ,4.19
Kazakhstan,KAZ,2017,5.79,KAZ,4.48
Kazakhstan,KAZ,2018,5.809,KAZ,4.52
Kazakhstan,KAZ,2019,6.0579,KAZ,4.52
Kazakhstan,KAZ,2020,6.152,KAZ,4.52
Kenya,KEN,2011,4.18,KEN,2.68
Kenya,KEN,2012,4.403,KEN,2.75
Kenya,KEN,2014,4.419,KEN,2.8
Kenya,KEN,2015,4.356,KEN,2.78
Kenya,KEN,2016,4.553,KEN,2.85
Kenya,KEN,2017,4.41,KEN,2.85
Kenya,KEN,2018,4.509,KEN,2.87
Kenya,KEN,2019,4.583,KEN,2.87
Kenya,KEN,2020,4.607,KEN,2.47
Kuwait,KWT,2011,6.574,KWT,0.0
Kuwait,KWT,2012,6.515,KWT,0.0
Kuwait,KWT,2014,6.295,KWT,0.0
Kuwait,KWT,2015,6.239,KWT,0.0
Kuwait,KWT,2016,6.105,KWT,0.0
Kuwait,KWT,2017,6.083,KWT,0.0
Kuwait,KWT,2018,6.021,KWT,0.0
Kuwait,KWT,2019,6.1021,KWT,0.0
Kuwait,KWT,2020,6.106,KWT,0.0
Kyrgyzstan,KGZ,2011,4.828,KGZ,6.54
Kyrgyzstan,KGZ,2012,5.042,KGZ,6.54
Kyrgyzstan,KGZ,2014,5.286,KGZ,6.41
Kyrgyzstan,KGZ,2015,5.185,KGZ,6.17
Kyrgyzstan,KGZ,2016,5.004,KGZ,5.73
Kyrgyzstan,KGZ,2017,5.131,KGZ,5.4
Kyrgyzstan,KGZ,2018,5.261,KGZ,4.95
Kyrgyzstan,KGZ,2019,5.5415,KGZ,4.95
Kyrgyzstan,KGZ,2020,5.744,KGZ,3.63
Laos,LAO,2011,5.161,LAO,10.7
Laos,LAO,2012,4.787,LAO,10.73
Laos,LAO,2014,4.876,LAO,11.02
Laos,LAO,2015,4.876,LAO,11.31
Laos,LAO,2017,4.623,LAO,11.36
Laos,LAO,2018,4.796,LAO,11.52
Laos,LAO,2019,4.8886,LAO,11.52
Laos,LAO,2020,5.03,LAO,10.82
Latvia,LVA,2011,4.762,LVA,11.07
Latvia,LVA,2012,5.046,LVA,11.19
Latvia,LVA,2014,5.098,LVA,11.4
Latvia,LVA,2015,5.56,LVA,11.61
Latvia,LVA,2016,5.85,LVA,12.1
Latvia,LVA,2017,5.933,LVA,12.7
Latvia,LVA,2018,5.94,LVA,13.09
Latvia,LVA,2019,5.95,LVA,13.09
Latvia,LVA,2020,6.032,LVA,12.87
Lebanon,LBN,2011,5.049,LBN,1.75
Lebanon,LBN,2012,4.931,LBN,1.62
Lebanon,LBN,2014,4.839,LBN,1.53
Lebanon,LBN,2015,5.129,LBN,1.53
Lebanon,LBN,2016,5.225,LBN,1.52
Lebanon,LBN,2017,5.199,LBN,1.51
Lebanon,LBN,2018,5.197,LBN,1.48
Lebanon,LBN,2019,4.7715,LBN,1.48
Lebanon,LBN,2020,4.584,LBN,1.26
Lesotho,LSO,2012,4.898,LSO,2.98
Lesotho,LSO,2014,4.898,LSO,3.24
Lesotho,LSO,2016,3.808,LSO,3.38
Lesotho,LSO,2017,3.808,LSO,4.07
Lesotho,LSO,2018,3.802,LSO,4.54
Lesotho,LSO,2019,3.6528,LSO,4.54
Lesotho,LSO,2020,3.512,LSO,4.3
Liberia,LBR,2011,4.04,LBR,3.78
Liberia,LBR,2012,4.196,LBR,3.71
Liberia,LBR,2014,4.571,LBR,3.63
Liberia,LBR,2015,3.622,LBR,3.63
Liberia,LBR,2016,3.533,LBR,3.68
Liberia,LBR,2017,3.495,LBR,3.68
Liberia,LBR,2018,3.975,LBR,3.64
Liberia,LBR,2019,4.5579,LBR,3.64
Liberia,LBR,2020,4.625,LBR,2.86
Libya,LBY,2011,5.178,LBY,0.007
Libya,LBY,2012,5.34,LBY,0.008
Libya,LBY,2014,5.754,LBY,0.009
Libya,LBY,2015,5.615,LBY,0.011
Libya,LBY,2016,5.525,LBY,0.01
Libya,LBY,2017,5.566,LBY,0.008
Libya,LBY,2018,5.525,LBY,0.008
Libya,LBY,2019,5.4888,LBY,0.008
Libya,LBY,2020,5.41,LBY,0.012
Lithuania,LTU,2011,5.588,LTU,14.66
Lithuania,LTU,2012,5.426,LTU,15.54
Lithuania,LTU,2014,5.833,LTU,14.96
Lithuania,LTU,2015,5.813,LTU,14.17
Lithuania,LTU,2016,5.902,LTU,13.03
Lithuania,LTU,2017,5.952,LTU,12.29
Lithuania,LTU,2018,6.149,LTU,11.79
Lithuania,LTU,2019,6.2155,LTU,11.79
Lithuania,LTU,2020,6.255,LTU,12.1
Low-income countries,,2011,4.1820374,,2.709484
Low-income countries,,2012,4.304877,,2.7119265
Low-income countries,,2014,4.12312,,2.8069725
Low-income countries,,2015,4.009277,,2.8495662
Low-income countries,,2016,4.0804605,,2.8275864
Low-income countries,,2017,4.0602503,,2.8435526
Low-income countries,,2018,4.0793242,,2.8652012
Low-income countries,,2019,4.093725,,2.865847
Low-income countries,,2020,4.1634774,,2.770631
Lower-middle-income countries,,2011,4.891316,,4.006364
Lower-middle-income countries,,2012,4.832062,,4.103757
Lower-middle-income countries,,2014,4.6864657,,4.127526
Lower-middle-income countries,,2015,4.5799255,,4.1073923
Lower-middle-income countries,,2016,4.5814214,,4.0686564
Lower-middle-income countries,,2017,4.541306,,4.071091
Lower-middle-income countries,,2018,4.4971952,,4.0985355
Lower-middle-income countries,,2019,4.304053,,4.099605
Lower-middle-income countries,,2020,4.3831854,,3.5355954
Luxembourg,LUX,2011,7.051,LUX,12.04
Luxembourg,LUX,2012,7.054,LUX,11.95
Luxembourg,LUX,2014,6.946,LUX,11.76
Luxembourg,LUX,2015,6.871,LUX,11.71
Luxembourg,LUX,2016,6.863,LUX,11.66
Luxembourg,LUX,2017,6.91,LUX,11.58
Luxembourg,LUX,2018,7.09,LUX,11.53
Luxembourg,LUX,2019,7.2375,LUX,11.53
Luxembourg,LUX,2020,7.324,LUX,10.82
Madagascar,MDG,2011,4.309,MDG,0.96
Madagascar,MDG,2012,3.966,MDG,0.93
Madagascar,MDG,2014,3.681,MDG,1.01
Madagascar,MDG,2015,3.695,MDG,1.01
Madagascar,MDG,2016,3.644,MDG,1.0
Madagascar,MDG,2017,3.774,MDG,1.02
Madagascar,MDG,2018,3.933,MDG,1.02
Madagascar,MDG,2019,4.1656,MDG,1.02
Madagascar,MDG,2020,4.208,MDG,0.99
Malawi,MWI,2011,4.624,MWI,3.71
Malawi,MWI,2012,4.113,MWI,3.71
Malawi,MWI,2014,4.292,MWI,3.58
Malawi,MWI,2015,4.156,MWI,3.37
Malawi,MWI,2016,3.97,MWI,3.19
Malawi,MWI,2017,3.587,MWI,3.13
Malawi,MWI,2018,3.41,MWI,3.24
Malawi,MWI,2019,3.538,MWI,3.24
Malawi,MWI,2020,3.6,MWI,3.61
Malaysia,MYS,2011,5.823,MYS,0.62
Malaysia,MYS,2012,5.76,MYS,0.63
Malaysia,MYS,2014,5.77,MYS,0.63
Malaysia,MYS,2015,6.005,MYS,0.65
Malaysia,MYS,2016,6.084,MYS,0.69
Malaysia,MYS,2017,6.322,MYS,0.73
Malaysia,MYS,2018,5.339,MYS,0.76
Malaysia,MYS,2019,5.3843,MYS,0.76
Malaysia,MYS,2020,5.384,MYS,0.74
Maldives,MDV,2019,5.1976,MDV,1.43
Maldives,MDV,2020,5.198,MDV,1.49
Mali,MLI,2011,3.967,MLI,4.7
Mali,MLI,2012,4.247,MLI,4.45
Mali,MLI,2014,3.995,MLI,4.45
Mali,MLI,2015,4.073,MLI,4.59
Mali,MLI,2016,4.19,MLI,4.49
Mali,MLI,2017,4.447,MLI,4.38
Mali,MLI,2018,4.39,MLI,4.35
Mali,MLI,2019,4.7293,MLI,4.35
Mali,MLI,2020,4.723,MLI,5.32
Malta,MLT,2011,5.96,MLT,6.95
Malta,MLT,2012,5.964,MLT,7.15
Malta,MLT,2014,6.302,MLT,7.41
Malta,MLT,2015,6.488,MLT,7.72
Malta,MLT,2016,6.527,MLT,8.14
Malta,MLT,2017,6.627,MLT,8.44
Malta,MLT,2018,6.726,MLT,8.52
Malta,MLT,2019,6.7728,MLT,8.52
Malta,MLT,2020,6.602,MLT,7.11
Mauritania,MRT,2011,4.643,MRT,0.0
Mauritania,MRT,2012,4.758,MRT,0.0
Mauritania,MRT,2014,4.436,MRT,0.0
Mauritania,MRT,2015,4.201,MRT,0.0
Mauritania,MRT,2016,4.292,MRT,0.0
Mauritania,MRT,2017,4.356,MRT,0.0
Mauritania,MRT,2018,4.49,MRT,0.0
Mauritania,MRT,2019,4.3746,MRT,0.0
Mauritania,MRT,2020,4.227,MRT,0.0
Mauritius,MUS,2011,5.477,MUS,7.61
Mauritius,MUS,2012,5.477,MUS,7.59
Mauritius,MUS,2014,5.477,MUS,7.4
Mauritius,MUS,2015,5.648,MUS,7.4
Mauritius,MUS,2016,5.629,MUS,7.4
Mauritius,MUS,2017,5.891,MUS,7.52
Mauritius,MUS,2018,5.888,MUS,7.52
Mauritius,MUS,2019,6.1013,MUS,7.52
Mauritius,MUS,2020,6.049,MUS,6.86
Mexico,MEX,2011,6.74,MEX,5.05
Mexico,MEX,2012,7.088,MEX,4.92
Mexico,MEX,2014,7.187,MEX,4.98
Mexico,MEX,2015,6.778,MEX,5.15
Mexico,MEX,2016,6.578,MEX,5.38
Mexico,MEX,2017,6.488,MEX,5.54
Mexico,MEX,2018,6.595,MEX,5.72
Mexico,MEX,2019,6.465,MEX,5.72
Mexico,MEX,2020,6.317,MEX,4.79
Moldova,MDA,2011,5.305,MDA,12.0
Moldova,MDA,2012,5.791,MDA,12.44
Moldova,MDA,2014,5.889,MDA,11.8
Moldova,MDA,2015,5.897,MDA,11.35
Moldova,MDA,2016,5.838,MDA,11.24
Moldova,MDA,2017,5.64,MDA,11.33
Moldova,MDA,2018,5.529,MDA,11.36
Moldova,MDA,2019,5.6075,MDA,11.36
Moldova,MDA,2020,5.766,MDA,11.08
Mongolia,MNG,2011,4.562,MNG,8.07
Mongolia,MNG,2012,4.834,MNG,9.62
Mongolia,MNG,2014,4.874,MNG,10.93
Mongolia,MNG,2015,4.907,MNG,9.66
Mongolia,MNG,2016,4.955,MNG,8.65
Mongolia,MNG,2017,5.125,MNG,8.45
Mongolia,MNG,2018,5.285,MNG,7.93
Mongolia,MNG,2019,5.4562,MNG,7.93
Mongolia,MNG,2020,5.677,MNG,7.68
Montenegro,MNE,2015,5.161,MNE,9.55
Montenegro,MNE,2019,5.5461,MNE,10.34
Morocco,MAR,2011,4.793,MAR,0.48
Morocco,MAR,2012,4.885,MAR,0.47
Morocco,MAR,2014,5.013,MAR,0.43
Morocco,MAR,2015,5.151,MAR,0.41
Morocco,MAR,2016,5.235,MAR,0.41
Morocco,MAR,2017,5.254,MAR,0.44
Morocco,MAR,2018,5.208,MAR,0.49
Morocco,MAR,2019,5.0948,MAR,0.49
Morocco,MAR,2020,4.918,MAR,0.5
Mozambique,MOZ,2011,4.693,MOZ,1.33
Mozambique,MOZ,2012,4.971,MOZ,1.42
Mozambique,MOZ,2014,4.971,MOZ,1.61
Mozambique,MOZ,2016,4.55,MOZ,1.88
Mozambique,MOZ,2017,4.417,MOZ,1.97
Mozambique,MOZ,2018,4.466,MOZ,2.03
Mozambique,MOZ,2019,4.6236,MOZ,2.03
Mozambique,MOZ,2020,4.794,MOZ,1.89
Myanmar,MMR,2011,5.322,MMR,1.23
Myanmar,MMR,2012,4.439,MMR,1.35
Myanmar,MMR,2014,4.307,MMR,1.52
Myanmar,MMR,2015,4.395,MMR,1.62
Myanmar,MMR,2016,4.545,MMR,1.76
Myanmar,MMR,2017,4.308,MMR,1.91
Myanmar,MMR,2018,4.36,MMR,2.12
Myanmar,MMR,2019,4.308,MMR,2.12
Myanmar,MMR,2020,4.426,MMR,1.93
Namibia,NAM,2011,4.886,NAM,5.08
Namibia,NAM,2015,4.574,NAM,6.01
Namibia,NAM,2016,4.574,NAM,6.09
Namibia,NAM,2017,4.441,NAM,6.09
Namibia,NAM,2018,4.639,NAM,5.93
Namibia,NAM,2019,4.5711,NAM,5.93
Namibia,NAM,2020,4.574,NAM,5.05
Nepal,NPL,2011,4.474,NPL,1.24
Nepal,NPL,2012,4.156,NPL,1.26
Nepal,NPL,2014,4.514,NPL,1.18
Nepal,NPL,2015,4.793,NPL,1.22
Nepal,NPL,2016,4.962,NPL,1.35
Nepal,NPL,2017,4.88,NPL,1.34
Nepal,NPL,2018,4.913,NPL,1.36
Nepal,NPL,2019,5.1372,NPL,1.36
Nepal,NPL,2020,5.269,NPL,1.06
Netherlands,NLD,2011,7.512,NLD,10.17
Netherlands,NLD,2012,7.512,NLD,9.99
Netherlands,NLD,2014,7.378,NLD,9.5
Netherlands,NLD,2015,7.339,NLD,9.38
Netherlands,NLD,2016,7.377,NLD,9.33
Netherlands,NLD,2017,7.441,NLD,9.34
Netherlands,NLD,2018,7.488,NLD,9.3
Netherlands,NLD,2019,7.4489,NLD,9.3
Netherlands,NLD,2020,7.464,NLD,8.71
New Zealand,NZL,2011,7.372,NZL,10.25
New Zealand,NZL,2012,7.221,NZL,10.07
New Zealand,NZL,2014,7.286,NZL,9.74
New Zealand,NZL,2015,7.334,NZL,9.69
New Zealand,NZL,2016,7.314,NZL,9.71
New Zealand,NZL,2017,7.324,NZL,9.85
New Zealand,NZL,2018,7.307,NZL,9.89
New Zealand,NZL,2019,7.2996,NZL,9.89
New Zealand,NZL,2020,7.277,NZL,10.02
Nicaragua,NIC,2011,5.115,NIC,3.85
Nicaragua,NIC,2012,5.507,NIC,3.92
Nicaragua,NIC,2014,5.828,NIC,4.03
Nicaragua,NIC,2015,5.992,NIC,4.11
Nicaragua,NIC,2016,6.071,NIC,4.23
Nicaragua,NIC,2017,6.141,NIC,4.24
Nicaragua,NIC,2018,6.105,NIC,4.17
Nicaragua,NIC,2019,6.1371,NIC,4.17
Nicaragua,NIC,2020,5.972,NIC,3.67
Niger,NER,2011,4.122,NER,0.18
Niger,NER,2012,4.152,NER,0.18
Niger,NER,2014,3.845,NER,0.18
Niger,NER,2015,3.856,NER,0.18
Niger,NER,2016,4.028,NER,0.17
Niger,NER,2017,4.166,NER,0.15
Niger,NER,2018,4.628,NER,0.13
Niger,NER,2019,4.9096,NER,0.13
Niger,NER,2020,5.074,NER,0.13
Nigeria,NGA,2011,4.856,NGA,3.98
Nigeria,NGA,2012,5.248,NGA,4.28
Nigeria,NGA,2014,5.268,NGA,4.39
Nigeria,NGA,2015,4.875,NGA,4.39
Nigeria,NGA,2016,5.074,NGA,4.35
Nigeria,NGA,2017,5.155,NGA,4.29
Nigeria,NGA,2018,5.265,NGA,4.21
Nigeria,NGA,2019,4.7241,NGA,4.21
Nigeria,NGA,2020,4.759,NGA,3.78
North Macedonia,MKD,2011,4.369,MKD,4.34
North Macedonia,MKD,2012,4.574,MKD,4.34
North Macedonia,MKD,2014,5.007,MKD,4.31
North Macedonia,MKD,2015,5.121,MKD,4.3
North Macedonia,MKD,2016,5.175,MKD,4.36
North Macedonia,MKD,2017,5.185,MKD,4.48
North Macedonia,MKD,2018,5.274,MKD,4.62
North Macedonia,MKD,2019,5.1598,MKD,4.62
North Macedonia,MKD,2020,5.101,MKD,4.36
Norway,NOR,2011,7.524,NOR,7.25
Norway,NOR,2012,7.655,NOR,7.1
Norway,NOR,2014,7.522,NOR,6.88
Norway,NOR,2015,7.498,NOR,6.83
Norway,NOR,2016,7.537,NOR,6.81
Norway,NOR,2017,7.594,NOR,6.81
Norway,NOR,2018,7.554,NOR,6.8
Norway,NOR,2019,7.488,NOR,6.8
Norway,NOR,2020,7.392,NOR,7.38
Oman,OMN,2012,6.853,OMN,0.84
Oman,OMN,2014,6.853,OMN,0.79
Pakistan,PAK,2011,5.149,PAK,0.085
Pakistan,PAK,2012,5.292,PAK,0.084
Pakistan,PAK,2014,5.194,PAK,0.089
Pakistan,PAK,2015,5.132,PAK,0.096
Pakistan,PAK,2016,5.269,PAK,0.099
Pakistan,PAK,2017,5.472,PAK,0.1
Pakistan,PAK,2018,5.653,PAK,0.1
Pakistan,PAK,2019,5.6933,PAK,0.1
Pakistan,PAK,2020,4.934,PAK,0.084
Panama,PAN,2011,6.863,PAN,6.54
Panama,PAN,2012,7.143,PAN,6.57
Panama,PAN,2014,6.786,PAN,6.65
Panama,PAN,2015,6.701,PAN,6.59
Panama,PAN,2016,6.452,PAN,6.62
Panama,PAN,2017,6.43,PAN,6.57
Panama,PAN,2018,6.321,PAN,6.6
Panama,PAN,2019,6.3048,PAN,6.6
Panama,PAN,2020,6.18,PAN,4.66
Paraguay,PRY,2011,5.398,PRY,6.27
Paraguay,PRY,2012,5.779,PRY,6.06
Paraguay,PRY,2014,5.878,PRY,5.55
Paraguay,PRY,2015,5.538,PRY,5.41
Paraguay,PRY,2016,5.493,PRY,5.44
Paraguay,PRY,2017,5.681,PRY,5.53
Paraguay,PRY,2018,5.743,PRY,5.6
Paraguay,PRY,2019,5.6921,PRY,5.6
Paraguay,PRY,2020,5.653,PRY,5.62
Peru,PER,2011,5.258,PER,8.0
Peru,PER,2012,5.776,PER,8.07
Peru,PER,2014,5.824,PER,7.68
Peru,PER,2015,5.743,PER,7.55
Peru,PER,2016,5.715,PER,7.55
Peru,PER,2017,5.663,PER,7.53
Peru,PER,2018,5.697,PER,7.45
Peru,PER,2019,5.7968,PER,7.45
Peru,PER,2020,5.84,PER,6.45
Philippines,PHL,2011,4.825,PHL,6.33
Philippines,PHL,2012,4.985,PHL,6.17
Philippines,PHL,2014,5.073,PHL,5.84
Philippines,PHL,2015,5.279,PHL,5.85
Philippines,PHL,2016,5.43,PHL,5.9
Philippines,PHL,2017,5.524,PHL,6.04
Philippines,PHL,2018,5.631,PHL,6.18
Philippines,PHL,2019,6.006,PHL,6.18
Philippines,PHL,2020,5.88,PHL,5.66
Poland,POL,2011,5.803,POL,11.29
Poland,POL,2012,5.822,POL,11.48
Poland,POL,2014,5.791,POL,11.58
Poland,POL,2015,5.835,POL,11.46
Poland,POL,2016,5.973,POL,11.47
Poland,POL,2017,6.123,POL,11.5
Poland,POL,2018,6.182,POL,11.63
Poland,POL,2019,6.1863,POL,11.63
Poland,POL,2020,6.166,POL,11.66
Portugal,PRT,2011,5.327,PRT,10.86
Portugal,PRT,2012,5.101,PRT,10.33
Portugal,PRT,2014,5.102,PRT,10.29
Portugal,PRT,2015,5.123,PRT,10.54
Portugal,PRT,2016,5.195,PRT,10.55
Portugal,PRT,2017,5.41,PRT,10.44
Portugal,PRT,2018,5.693,PRT,10.45
Portugal,PRT,2019,5.9109,PRT,10.45
Portugal,PRT,2020,5.929,PRT,8.88
Qatar,QAT,2011,6.569,QAT,1.16
Qatar,QAT,2012,6.666,QAT,1.14
Qatar,QAT,2014,6.611,QAT,1.15
Qatar,QAT,2015,6.375,QAT,1.17
Qatar,QAT,2016,6.375,QAT,1.18
Qatar,QAT,2017,6.374,QAT,1.17
Qatar,QAT,2018,6.374,QAT,1.15
Romania,ROU,2011,5.178,ROU,17.32
Romania,ROU,2012,5.033,ROU,17.18
Romania,ROU,2014,5.124,ROU,16.98
Romania,ROU,2015,5.528,ROU,16.85
Romania,ROU,2016,5.825,ROU,16.82
Romania,ROU,2017,5.945,ROU,16.92
Romania,ROU,2018,6.07,ROU,16.99
Romania,ROU,2019,6.1237,ROU,16.99
Romania,ROU,2020,6.14,ROU,16.8
Russia,RUS,2011,5.284,RUS,13.6
Russia,RUS,2012,5.464,RUS,13.32
Russia,RUS,2014,5.716,RUS,12.16
Russia,RUS,2015,5.856,RUS,11.64
Russia,RUS,2016,5.963,RUS,11.05
Russia,RUS,2017,5.81,RUS,10.72
Russia,RUS,2018,5.648,RUS,10.42
Russia,RUS,2019,5.546,RUS,10.42
Russia,RUS,2020,5.477,RUS,10.53
Rwanda,RWA,2011,4.204,RWA,1.26
Rwanda,RWA,2012,3.715,RWA,1.25
Rwanda,RWA,2014,3.465,RWA,1.36
Rwanda,RWA,2015,3.515,RWA,1.37
Rwanda,RWA,2016,3.471,RWA,1.36
Rwanda,RWA,2017,3.408,RWA,1.34
Rwanda,RWA,2018,3.334,RWA,1.88
Rwanda,RWA,2019,3.3123,RWA,1.88
Rwanda,RWA,2020,3.415,RWA,2.87
Saudi Arabia,SAU,2011,6.597,SAU,0.0
Saudi Arabia,SAU,2012,6.48,SAU,0.0
Saudi Arabia,SAU,2014,6.411,SAU,0.0
Saudi Arabia,SAU,2015,6.379,SAU,0.0
Saudi Arabia,SAU,2016,6.344,SAU,0.0
Saudi Arabia,SAU,2017,6.371,SAU,0.0
Saudi Arabia,SAU,2018,6.375,SAU,0.0
Saudi Arabia,SAU,2019,6.4065,SAU,0.0
Saudi Arabia,SAU,2020,6.494,SAU,0.0
Senegal,SEN,2011,4.414,SEN,0.4
Senegal,SEN,2012,3.959,SEN,0.38
Senegal,SEN,2014,3.904,SEN,0.36
Senegal,SEN,2015,4.219,SEN,0.37
Senegal,SEN,2016,4.535,SEN,0.39
Senegal,SEN,2017,4.631,SEN,0.4
Senegal,SEN,2018,4.681,SEN,0.41
Senegal,SEN,2019,4.9808,SEN,0.41
Senegal,SEN,2020,5.132,SEN,0.38
Serbia,SRB,2015,5.177,SRB,7.84
Serbia,SRB,2019,5.7782,SRB,7.89
Sierra Leone,SLE,2011,3.586,SLE,0.35
Sierra Leone,SLE,2012,4.318,SLE,0.41
Sierra Leone,SLE,2014,4.507,SLE,0.38
Sierra Leone,SLE,2015,4.635,SLE,0.31
Sierra Leone,SLE,2016,4.709,SLE,0.27
Sierra Leone,SLE,2017,4.571,SLE,0.25
Sierra Leone,SLE,2018,4.374,SLE,0.26
Sierra Leone,SLE,2019,3.9264,SLE,0.26
Sierra Leone,SLE,2020,3.849,SLE,0.29
Singapore,SGP,2011,6.549,SGP,1.99
Singapore,SGP,2012,6.546,SGP,1.99
Singapore,SGP,2014,6.798,SGP,1.92
Singapore,SGP,2015,6.739,SGP,1.91
Singapore,SGP,2016,6.572,SGP,1.89
Singapore,SGP,2017,6.343,SGP,1.89
Singapore,SGP,2018,6.262,SGP,1.87
Singapore,SGP,2019,6.3771,SGP,1.87
Singapore,SGP,2020,6.377,SGP,1.81
Slovakia,SVK,2011,5.657,SVK,10.38
Slovakia,SVK,2012,5.969,SVK,10.3
Slovakia,SVK,2014,5.995,SVK,10.32
Slovakia,SVK,2015,6.078,SVK,10.32
Slovakia,SVK,2016,6.098,SVK,10.14
Slovakia,SVK,2017,6.173,SVK,10.07
Slovakia,SVK,2018,6.198,SVK,10.48
Slovakia,SVK,2019,6.2806,SVK,10.48
Slovakia,SVK,2020,6.331,SVK,10.67
Slovenia,SVN,2011,5.922,SVN,11.28
Slovenia,SVN,2012,6.06,SVN,11.01
Slovenia,SVN,2014,5.848,SVN,11.27
Slovenia,SVN,2015,5.768,SVN,11.58
Slovenia,SVN,2016,5.758,SVN,11.31
Slovenia,SVN,2017,5.948,SVN,10.81
Slovenia,SVN,2018,6.118,SVN,10.98
Slovenia,SVN,2019,6.3634,SVN,10.98
Slovenia,SVN,2020,6.461,SVN,10.41
Somalia,SOM,2015,5.44,SOM,0.0
Somalia,SOM,2016,5.151,SOM,0.0
Somalia,SOM,2017,4.982,SOM,0.0
Somalia,SOM,2018,4.668,SOM,0.0
South Africa,ZAF,2011,5.101,ZAF,8.79
South Africa,ZAF,2012,4.963,ZAF,8.9
South Africa,ZAF,2014,4.642,ZAF,8.93
South Africa,ZAF,2015,4.459,ZAF,8.88
South Africa,ZAF,2016,4.829,ZAF,8.8
South Africa,ZAF,2017,4.724,ZAF,8.72
South Africa,ZAF,2018,4.722,ZAF,8.77
South Africa,ZAF,2019,4.8141,ZAF,8.77
South Africa,ZAF,2020,4.956,ZAF,7.13
South Korea,KOR,2011,5.643,KOR,9.37
South Korea,KOR,2012,6.267,KOR,9.33
South Korea,KOR,2014,5.984,KOR,8.81
South Korea,KOR,2015,5.835,KOR,8.52
South Korea,KOR,2016,5.838,KOR,8.47
South Korea,KOR,2017,5.875,KOR,8.29
South Korea,KOR,2018,5.895,KOR,8.19
South Korea,KOR,2019,5.8724,KOR,8.19
South Korea,KOR,2020,5.845,KOR,7.79
Spain,ESP,2011,6.761,ESP,9.0
Spain,ESP,2012,6.322,ESP,8.88
Spain,ESP,2014,6.329,ESP,9.19
Spain,ESP,2015,6.361,ESP,9.94
Spain,ESP,2016,6.403,ESP,10.93
Spain,ESP,2017,6.31,ESP,10.93
Spain,ESP,2018,6.354,ESP,10.91
Spain,ESP,2019,6.4009,ESP,10.91
Spain,ESP,2020,6.491,ESP,9.16
Sri Lanka,LKA,2011,4.26,LKA,2.89
Sri Lanka,LKA,2012,4.151,LKA,3.01
Sri Lanka,LKA,2014,4.271,LKA,2.86
Sri Lanka,LKA,2015,4.415,LKA,2.86
Sri Lanka,LKA,2016,4.44,LKA,2.91
Sri Lanka,LKA,2017,4.471,LKA,2.86
Sri Lanka,LKA,2018,4.366,LKA,2.83
Sri Lanka,LKA,2019,4.327,LKA,2.83
Sri Lanka,LKA,2020,4.325,LKA,2.91
Sudan,SDN,2011,4.424,SDN,0.046
Sudan,SDN,2012,4.401,SDN,0.046
Sudan,SDN,2014,4.55,SDN,0.19
Sudan,SDN,2015,4.139,SDN,0.19
Sudan,SDN,2016,4.139,SDN,0.002
Sudan,SDN,2017,4.139,SDN,0.002
Suriname,SUR,2012,6.269,SUR,6.17
Suriname,SUR,2014,6.269,SUR,5.72
Suriname,SUR,2015,6.269,SUR,5.68
Sweden,SWE,2011,7.379,SWE,9.72
Sweden,SWE,2012,7.48,SWE,9.66
Sweden,SWE,2014,7.364,SWE,9.54
Sweden,SWE,2015,7.291,SWE,9.45
Sweden,SWE,2016,7.284,SWE,9.35
Sweden,SWE,2017,7.314,SWE,9.33
Sweden,SWE,2018,7.343,SWE,9.3
Sweden,SWE,2019,7.3535,SWE,9.3
Sweden,SWE,2020,7.363,SWE,9.57
Switzerland,CHE,2011,7.499,CHE,11.21
Switzerland,CHE,2012,7.65,CHE,11.1
Switzerland,CHE,2014,7.587,CHE,10.87
Switzerland,CHE,2015,7.509,CHE,10.69
Switzerland,CHE,2016,7.494,CHE,10.53
Switzerland,CHE,2017,7.487,CHE,10.36
Switzerland,CHE,2018,7.48,CHE,10.4
Switzerland,CHE,2019,7.5599,CHE,10.4
Switzerland,CHE,2020,7.571,CHE,10.07
Syria,SYR,2011,4.735,SYR,0.74
Syria,SYR,2012,3.892,SYR,0.46
Syria,SYR,2014,3.006,SYR,0.28
Syria,SYR,2015,3.069,SYR,0.29
Syria,SYR,2016,3.462,SYR,0.25
Syria,SYR,2017,3.462,SYR,0.22
Syria,SYR,2018,3.462,SYR,0.2
Tajikistan,TJK,2011,4.614,TJK,0.72
Tajikistan,TJK,2012,4.38,TJK,0.76
Tajikistan,TJK,2014,4.786,TJK,0.86
Tajikistan,TJK,2015,4.996,TJK,0.89
Tajikistan,TJK,2016,5.041,TJK,0.91
Tajikistan,TJK,2017,5.352,TJK,0.89
Tajikistan,TJK,2018,5.467,TJK,0.87
Tajikistan,TJK,2019,5.5557,TJK,0.87
Tajikistan,TJK,2020,5.466,TJK,0.74
Tanzania,TZA,2011,3.8,TZA,11.8
Tanzania,TZA,2012,3.77,TZA,11.59
Tanzania,TZA,2014,3.781,TZA,11.7
Tanzania,TZA,2015,3.666,TZA,11.65
Tanzania,TZA,2016,3.349,TZA,11.21
Tanzania,TZA,2017,3.303,TZA,10.65
Tanzania,TZA,2018,3.231,TZA,10.36
Tanzania,TZA,2019,3.4762,TZA,10.36
Tanzania,TZA,2020,3.623,TZA,10.95
Thailand,THA,2011,5.804,THA,7.87
Thailand,THA,2012,6.371,THA,8.08
Thailand,THA,2014,6.455,THA,8.1
Thailand,THA,2015,6.474,THA,8.16
Thailand,THA,2016,6.424,THA,8.28
Thailand,THA,2017,6.072,THA,7.95
Thailand,THA,2018,6.008,THA,7.85
Thailand,THA,2019,5.9988,THA,7.85
Thailand,THA,2020,5.985,THA,7.99
Togo,TGO,2011,3.007,TGO,1.72
Togo,TGO,2012,2.936,TGO,1.73
Togo,TGO,2014,2.839,TGO,1.8
Togo,TGO,2015,3.303,TGO,1.72
Togo,TGO,2016,3.495,TGO,1.63
Togo,TGO,2017,3.999,TGO,1.5
Togo,TGO,2018,4.085,TGO,1.42
Togo,TGO,2019,4.1872,TGO,1.42
Togo,TGO,2020,4.107,TGO,1.44
Trinidad and Tobago,TTO,2011,6.263,TTO,6.18
Trinidad and Tobago,TTO,2012,6.519,TTO,6.2
Trinidad and Tobago,TTO,2014,6.168,TTO,6.27
Trinidad and Tobago,TTO,2015,6.168,TTO,6.23
Trinidad and Tobago,TTO,2016,6.168,TTO,6.12
Trinidad and Tobago,TTO,2017,6.192,TTO,6.01
Trinidad and Tobago,TTO,2018,6.192,TTO,6.06
Trinidad and Tobago,TTO,2019,6.1919,TTO,6.06
Tunisia,TUN,2011,5.141,TUN,1.66
Tunisia,TUN,2012,4.826,TUN,1.72
Tunisia,TUN,2014,4.739,TUN,1.95
Tunisia,TUN,2015,5.045,TUN,2.03
Tunisia,TUN,2016,4.805,TUN,2.04
Tunisia,TUN,2017,4.592,TUN,2.02
Tunisia,TUN,2018,4.461,TUN,2.01
Tunisia,TUN,2019,4.3922,TUN,2.01
Tunisia,TUN,2020,4.596,TUN,1.71
Turkey,TUR,2011,5.234,TUR,2.14
Turkey,TUR,2012,5.345,TUR,2.08
Turkey,TUR,2014,5.332,TUR,1.95
Turkey,TUR,2015,5.389,TUR,1.9
Turkey,TUR,2016,5.5,TUR,1.84
Turkey,TUR,2017,5.483,TUR,1.84
Turkey,TUR,2018,5.373,TUR,1.82
Turkey,TUR,2019,5.1318,TUR,1.82
Turkey,TUR,2020,4.948,TUR,1.69
Turkmenistan,TKM,2011,6.568,TKM,3.0
Turkmenistan,TKM,2012,5.628,TKM,3.09
Turkmenistan,TKM,2014,5.548,TKM,3.23
Turkmenistan,TKM,2015,5.658,TKM,3.2
Turkmenistan,TKM,2016,5.822,TKM,3.16
Turkmenistan,TKM,2017,5.636,TKM,3.05
Turkmenistan,TKM,2018,5.247,TKM,2.93
Turkmenistan,TKM,2019,5.1191,TKM,2.93
Turkmenistan,TKM,2020,5.066,TKM,2.62
Uganda,UGA,2011,4.313,UGA,13.92
Uganda,UGA,2012,4.443,UGA,13.65
Uganda,UGA,2014,3.931,UGA,13.38
Uganda,UGA,2015,3.739,UGA,13.28
Uganda,UGA,2016,4.081,UGA,12.89
Uganda,UGA,2017,4.161,UGA,12.58
Uganda,UGA,2018,4.189,UGA,12.21
Uganda,UGA,2019,4.432,UGA,12.21
Uganda,UGA,2020,4.636,UGA,11.3
Ukraine,UKR,2011,5.089,UKR,11.53
Ukraine,UKR,2012,5.057,UKR,11.78
Ukraine,UKR,2014,4.681,UKR,10.65
Ukraine,UKR,2015,4.324,UKR,9.73
Ukraine,UKR,2016,4.096,UKR,8.93
Ukraine,UKR,2017,4.103,UKR,8.71
Ukraine,UKR,2018,4.332,UKR,8.7
Ukraine,UKR,2019,4.5607,UKR,8.7
Ukraine,UKR,2020,4.875,UKR,9.24
United Arab Emirates,ARE,2011,6.977,ARE,1.99
United Arab Emirates,ARE,2012,7.144,ARE,2.04
United Arab Emirates,ARE,2014,6.901,ARE,2.25
United Arab Emirates,ARE,2015,6.573,ARE,2.37
United Arab Emirates,ARE,2016,6.648,ARE,2.43
United Arab Emirates,ARE,2017,6.774,ARE,2.43
United Arab Emirates,ARE,2018,6.825,ARE,2.37
United Arab Emirates,ARE,2019,6.7908,ARE,2.37
United Arab Emirates,ARE,2020,6.561,ARE,2.08
United Kingdom,GBR,2011,6.936,GBR,10.79
United Kingdom,GBR,2012,6.883,GBR,10.57
United Kingdom,GBR,2014,6.867,GBR,10.44
United Kingdom,GBR,2015,6.725,GBR,10.52
United Kingdom,GBR,2016,6.714,GBR,10.64
United Kingdom,GBR,2017,6.814,GBR,10.77
United Kingdom,GBR,2018,7.054,GBR,10.82
United Kingdom,GBR,2019,7.1645,GBR,10.82
United Kingdom,GBR,2020,7.064,GBR,10.73
United States,USA,2011,7.27,USA,9.39
United States,USA,2012,7.082,USA,9.47
United States,USA,2014,7.119,USA,9.47
United States,USA,2015,7.104,USA,9.49
United States,USA,2016,6.993,USA,9.51
United States,USA,2017,6.886,USA,9.55
United States,USA,2018,6.892,USA,9.57
United States,USA,2019,6.9396,USA,9.57
United States,USA,2020,6.951,USA,9.9
Upper-middle-income countries,,2011,5.1886663,,5.702947
Upper-middle-income countries,,2012,5.401899,,5.919726
Upper-middle-income countries,,2014,5.5044804,,6.0161123
Upper-middle-income countries,,2015,5.5312467,,6.016348
Upper-middle-income countries,,2016,5.490726,,5.8978496
Upper-middle-income countries,,2017,5.4132843,,5.520949
Upper-middle-income countries,,2018,5.366415,,5.072589
Upper-middle-income countries,,2019,5.3535323,,5.074964
Upper-middle-income countries,,2020,5.4577265,,4.3496094
Uruguay,URY,2011,5.898,URY,5.91
Uruguay,URY,2012,6.355,URY,5.74
Uruguay,URY,2014,6.485,URY,6.0
Uruguay,URY,2015,6.545,URY,6.02
Uruguay,URY,2016,6.454,URY,5.86
Uruguay,URY,2017,6.379,URY,5.53
Uruguay,URY,2018,6.293,URY,5.45
Uruguay,URY,2019,6.4401,URY,5.45
Uruguay,URY,2020,6.431,URY,5.61
Uzbekistan,UZB,2011,5.225,UZB,1.85
Uzbekistan,UZB,2012,5.623,UZB,1.92
Uzbekistan,UZB,2014,6.003,UZB,2.39
Uzbekistan,UZB,2015,5.987,UZB,2.55
Uzbekistan,UZB,2016,5.971,UZB,2.64
Uzbekistan,UZB,2017,6.096,UZB,2.59
Uzbekistan,UZB,2018,6.174,UZB,2.6
Uzbekistan,UZB,2019,6.2576,UZB,2.6
Uzbekistan,UZB,2020,6.179,UZB,2.1
Venezuela,VEN,2011,6.922,VEN,7.44
Venezuela,VEN,2012,7.039,VEN,7.26
Venezuela,VEN,2014,6.81,VEN,6.97
Venezuela,VEN,2015,6.084,VEN,6.05
Venezuela,VEN,2016,5.25,VEN,4.95
Venezuela,VEN,2017,4.806,VEN,3.72
Venezuela,VEN,2018,4.707,VEN,3.02
Venezuela,VEN,2019,5.0532,VEN,3.02
Venezuela,VEN,2020,4.892,VEN,1.99
Vietnam,VNM,2011,5.425,VNM,7.81
Vietnam,VNM,2012,5.533,VNM,8.09
Vietnam,VNM,2014,5.36,VNM,8.53
Vietnam,VNM,2015,5.061,VNM,8.85
Vietnam,VNM,2016,5.074,VNM,9.17
Vietnam,VNM,2017,5.103,VNM,9.31
Vietnam,VNM,2018,5.175,VNM,9.34
Vietnam,VNM,2019,5.3535,VNM,9.34
Vietnam,VNM,2020,5.411,VNM,8.04
World,OWID_WRL,2011,5.2613463,OWID_WRL,5.8538423
World,OWID_WRL,2012,5.319743,OWID_WRL,5.9443426
World,OWID_WRL,2014,5.283811,OWID_WRL,5.9227586
World,OWID_WRL,2015,5.2466707,OWID_WRL,5.8860307
World,OWID_WRL,2016,5.2268233,OWID_WRL,5.794768
World,OWID_WRL,2017,5.1739993,OWID_WRL,5.6238213
World,OWID_WRL,2018,5.149798,OWID_WRL,5.441281
World,OWID_WRL,2019,5.079008,OWID_WRL,5.4300733
World,OWID_WRL,2020,5.1641874,OWID_WRL,4.892761
Yemen,YEM,2011,4.454,YEM,0.062
Yemen,YEM,2012,4.054,YEM,0.056
Yemen,YEM,2014,4.077,YEM,0.048
Yemen,YEM,2015,3.724,YEM,0.04
Yemen,YEM,2016,3.593,YEM,0.031
Yemen,YEM,2017,3.355,YEM,0.027
Yemen,YEM,2018,3.38,YEM,0.028
Yemen,YEM,2019,3.5274,YEM,0.028
Yemen,YEM,2020,3.658,YEM,0.044
Zambia,ZMB,2011,4.705,ZMB,3.34
Zambia,ZMB,2012,5.006,ZMB,3.39
Zambia,ZMB,2014,5.129,ZMB,3.67
Zambia,ZMB,2015,4.795,ZMB,3.73
Zambia,ZMB,2016,4.514,ZMB,3.75
Zambia,ZMB,2017,4.377,ZMB,3.83
Zambia,ZMB,2018,4.107,ZMB,3.85
Zambia,ZMB,2019,3.7594,ZMB,3.85
Zambia,ZMB,2020,4.073,ZMB,3.62
Zimbabwe,ZWE,2011,3.978,ZWE,3.75
Zimbabwe,ZWE,2012,4.827,ZWE,3.98
Zimbabwe,ZWE,2014,4.61,ZWE,3.92
Zimbabwe,ZWE,2015,4.193,ZWE,3.75
Zimbabwe,ZWE,2016,3.875,ZWE,3.56
Zimbabwe,ZWE,2017,3.692,ZWE,3.52
Zimbabwe,ZWE,2018,3.663,ZWE,3.63
Zimbabwe,ZWE,2019,3.2992,ZWE,3.63
Zimbabwe,ZWE,2020,3.145,ZWE,2.67
